voyage_id,date_vessels_voyage_began,date_vessel_arrived_with_captives,year_of_arrival_at_port_of_disembarkation,total_embarked_18,total_disembarked,derived_duration,slaves_died_during_middle_passage,mortality_rate,if_res,days_since_bg,days_since_end,non_res_btw_res
28058,1565-01-01,1565-04-23,1565,400,298,9676800,102,0.255,1,91.32,92.44,52
28066,1586-04-23,1587-04-27,1587,359,287,31881600,72,0.200557103064067,1,169.14,172.83,38
11353,1646-10-26,1647-07-01,1647,240,155,21427200,85,0.354166666666667,1,390.15,392.63,440
11806,1656-12-01,1658-01-01,1658,259,207,34214400,52,0.200772200772201,1,427.04,431,19
52104,1677-02-03,1678-02-18,1678,408,356,32832000,52,0.127450980392157,1,500.73,504.53,266
9892,1680-12-11,1681-12-05,1681,408,310,31017600,98,0.240196078431373,1,514.8,518.39,72
9894,1681-05-06,1682-02-24,1682,218,178,25401600,40,0.18348623853211,1,516.26,519.2,6
10209,1683-04-17,1684-01-01,1684,524,477,22377600,47,0.0896946564885496,1,523.37,525.96,53
9844,1685-04-08,1686-03-05,1686,121,84,28598400,37,0.305785123966942,1,530.59,533.9,53
9848,1685-06-12,1686-03-05,1686,400,246,22982400,154,0.385,1,531.24,533.9,5
21950,1692-07-25,1693-07-13,1693,738,729,30499200,9,0.0121951219512195,1,557.24,560.77,159
9706,1692-09-30,1693-06-16,1693,421,401,22377600,20,0.0475059382422803,1,557.91,560.5,3
10265,1698-10-24,1699-01-01,1699,620,523,5961600,97,0.156451612903226,1,580.06,580.75,101
20173,1698-12-08,1699-11-22,1699,600,250,30153600,350,0.583333333333333,1,580.51,584,12
20207,1700-04-08,1701-03-22,1701,417,373,30067200,44,0.105515587529976,1,585.37,588.85,93
20248,1700-11-14,1701-12-11,1701,59,47,33868800,12,0.203389830508475,1,587.57,591.49,73
10288,1701-05-03,1701-12-11,1701,365,315,19180800,50,0.136986301369863,1,589.27,591.49,57
14988,1702-10-02,1703-06-19,1703,261,223,22464000,38,0.145593869731801,1,594.44,597.04,98
21139,1702-11-23,1703-07-09,1703,161,161,19699200,0,0,1,594.96,597.24,4
10289,1703-01-22,1703-11-06,1703,513,379,24883200,134,0.261208576998051,1,595.56,598.44,9
21161,1703-09-03,1704-08-14,1704,267,231,29894400,36,0.134831460674157,1,597.8,601.26,30
21221,1704-01-26,1704-10-20,1704,302,229,23155200,73,0.241721854304636,1,599.25,601.93,19
15005,1704-02-07,1704-08-30,1704,100,81,17712000,19,0.19,1,599.37,601.42,0
33801,1704-04-19,1705-01-01,1705,700,14,22204800,686,0.98,1,600.09,602.66,2
21180,1704-12-15,1705-08-27,1705,241,214,22032000,27,0.112033195020747,1,602.49,605.04,45
9755,1706-10-02,1708-01-06,1708,300,284,39830400,16,0.0533333333333333,1,609.05,613.66,62
9756,1707-03-05,1707-11-14,1707,78,75,21945600,3,0.0384615384615385,1,610.59,613.13,20
9750,1707-07-30,1708-03-28,1708,140,123,20908800,17,0.121428571428571,1,612.06,614.48,14
15215,1710-07-11,1711-04-26,1711,388,335,24969600,53,0.13659793814433,1,622.83,625.72,140
33113,1713-07-21,1714-11-05,1714,230,129,40780800,101,0.439130434782609,1,633.89,638.61,142
10292,1713-07-27,1715-09-21,1715,102,79,67910400,23,0.225490196078431,1,633.95,641.81,3
10021,1714-04-30,1715-04-04,1715,166,151,29289600,15,0.0903614457831325,1,636.72,640.11,59
30051,1714-09-26,1715-07-02,1715,467,362,24105600,105,0.224839400428266,1,638.21,641,19
30056,1714-12-02,1715-04-10,1715,105,91,11145600,14,0.133333333333333,1,638.88,640.17,14
30061,1715-03-25,1715-08-26,1715,560,500,13305600,60,0.107142857142857,1,640.01,641.55,26
30062,1715-03-27,1715-12-23,1715,507,356,23414400,151,0.297830374753452,1,640.03,642.74,0
30063,1715-03-27,1716-02-17,1716,230,125,28252800,105,0.456521739130435,1,640.03,643.3,0
21802,1715-08-19,1716-07-01,1716,10,9,27388800,1,0.1,1,641.48,644.65,23
10022,1716-05-16,1717-01-01,1717,175,174,19872000,1,0.00571428571428571,1,644.19,646.49,42
30086,1716-11-07,1717-06-09,1717,160,139,18489600,21,0.13125,1,645.94,648.08,43
15220,1716-12-11,1717-08-19,1717,82,17,21686400,65,0.792682926829268,1,646.28,648.79,5
20662,1717-04-09,1719-09-07,1719,600,385,76118400,215,0.358333333333333,1,647.47,656.28,24
76500,1717-07-24,1718-02-12,1718,133,119,17539200,14,0.105263157894737,1,648.53,650.56,16
30102,1718-05-03,1718-11-30,1718,195,145,18230400,50,0.256410256410256,1,651.36,653.47,91
76603,1719-07-24,1720-01-27,1720,517,500,16156800,17,0.0328820116054159,1,655.83,657.7,87
33119,1719-08-04,1720-06-28,1720,215,176,28425600,39,0.181395348837209,1,655.94,659.23,1
30125,1719-12-14,1720-06-20,1720,266,257,16329600,9,0.0338345864661654,1,657.26,659.15,20
16303,1721-02-23,1721-11-07,1721,220,190,22204800,30,0.136363636363636,1,661.63,664.2,80
76395,1721-07-01,1722-08-01,1722,174,154,34214400,20,0.114942528735632,1,662.91,666.87,14
76398,1721-07-21,1722-04-01,1722,650,372,21945600,278,0.427692307692308,1,663.11,665.65,6
75484,1721-08-19,1722-04-01,1722,316,273,19440000,43,0.136075949367089,1,663.4,665.65,4
30159,1721-11-09,1722-05-20,1722,309,254,16588800,55,0.177993527508091,1,664.22,666.14,13
30165,1721-12-15,1722-09-01,1722,205,84,22464000,121,0.590243902439024,1,664.58,667.18,12
30169,1722-01-16,1722-10-28,1722,109,84,24624000,25,0.229357798165138,1,664.9,667.75,7
30181,1723-03-30,1723-12-03,1723,300,260,21427200,40,0.133333333333333,1,669.28,671.76,76
32859,1723-04-08,1723-09-17,1723,105,90,13996800,15,0.142857142857143,1,669.37,670.99,1
32863,1723-09-23,1724-05-04,1724,371,357,19353600,14,0.0377358490566038,1,671.05,673.29,38
76694,1723-10-22,1724-07-22,1724,143,122,23673600,21,0.146853146853147,1,671.34,674.08,6
76414,1724-08-14,1725-10-01,1725,248,228,35683200,20,0.0806451612903226,1,674.31,678.44,63
76386,1725-03-25,1725-11-01,1725,166,152,19094400,14,0.0843373493975904,1,676.54,678.75,48
25997,1726-01-01,1727-01-01,1727,121,109,31536000,12,0.0991735537190083,1,679.36,683.01,75
76203,1726-06-03,1727-08-22,1727,412,340,38448000,72,0.174757281553398,1,680.89,685.34,31
78283,1726-06-09,1727-01-01,1727,215,186,17798400,29,0.134883720930233,1,680.95,683.01,2
30195,1726-12-08,1727-08-04,1727,334,296,20649600,38,0.11377245508982,1,682.77,685.16,51
16490,1727-01-01,1728-01-01,1728,271,217,31536000,54,0.199261992619926,1,683.01,686.66,19
32050,1727-10-31,1728-01-01,1728,424,361,5356800,63,0.148584905660377,1,686.04,686.66,43
30209,1728-03-02,1729-03-08,1729,434,173,32054400,261,0.601382488479263,1,687.27,690.98,24
30210,1728-03-09,1728-11-18,1728,210,202,21945600,8,0.0380952380952381,1,687.34,689.88,1
30213,1728-07-09,1729-04-07,1729,453,401,23500800,52,0.114790286975717,1,688.56,691.28,32
30215,1728-08-15,1729-05-27,1729,227,255,24624000,-28,-0.123348017621145,1,688.93,691.78,13
92391,1728-08-18,1729-04-27,1729,163,134,21772800,29,0.177914110429448,1,688.96,691.48,3
25928,1729-01-01,1730-03-13,1730,276,209,37670400,67,0.242753623188406,1,690.32,694.68,72
32908,1729-02-04,1729-07-08,1729,300,278,13305600,22,0.0733333333333333,1,690.66,692.2,3
10217,1729-03-21,1729-11-19,1729,708,636,20995200,72,0.101694915254237,1,691.11,693.54,7
30225,1729-07-10,1730-04-29,1730,345,335,25315200,10,0.0289855072463768,1,692.22,695.15,19
32055,1729-07-15,1730-05-04,1730,357,347,25315200,10,0.0280112044817927,1,692.27,695.2,0
30232,1729-10-11,1730-07-11,1730,480,413,23587200,67,0.139583333333333,1,693.15,695.88,18
10218,1730-10-01,1731-08-12,1731,629,553,27216000,76,0.120826709062003,1,696.7,699.85,120
76750,1730-11-25,1731-11-30,1731,99,88,31968000,11,0.111111111111111,1,697.25,700.95,7
92448,1731-08-19,1732-05-01,1732,273,236,22118400,37,0.135531135531136,1,699.92,702.48,69
76782,1731-10-01,1732-01-01,1732,240,197,7948800,43,0.179166666666667,1,700.35,701.27,18
10348,1731-11-21,1732-08-24,1732,647,543,23932800,104,0.160741885625966,1,700.86,703.63,13
33331,1731-12-13,1733-06-15,1733,510,266,47520000,244,0.47843137254902,1,701.08,706.58,12
10675,1732-06-24,1733-06-16,1733,316,294,30844800,22,0.069620253164557,1,703.02,706.59,52
25158,1732-12-13,1733-09-01,1733,67,56,22636800,11,0.164179104477612,1,704.74,707.36,50
30272,1733-05-25,1734-02-18,1734,313,300,23241600,13,0.0415335463258786,1,706.37,709.06,21
30273,1733-05-25,1734-05-01,1734,120,100,29462400,20,0.166666666666667,1,706.37,709.78,0
30274,1733-06-05,1734-02-24,1734,400,341,22809600,59,0.1475,1,706.48,709.12,2
32929,1733-07-14,1734-05-24,1734,404,377,27129600,27,0.0668316831683168,1,706.87,710.01,7
30275,1733-09-19,1734-08-24,1734,480,409,29289600,71,0.147916666666667,1,707.54,710.93,15
16808,1734-01-07,1734-08-19,1734,222,197,19353600,25,0.112612612612613,1,708.64,710.88,35
32070,1734-07-13,1735-09-13,1735,370,320,36892800,50,0.135135135135135,1,710.51,714.78,19
32935,1735-08-16,1736-03-09,1736,479,473,17798400,6,0.0125260960334029,1,714.5,716.56,64
76579,1735-08-29,1736-10-05,1736,430,353,34819200,77,0.17906976744186,1,714.63,718.66,4
16838,1735-09-19,1736-04-05,1736,306,251,17193600,55,0.179738562091503,1,714.84,716.83,11
92340,1735-12-18,1736-07-11,1736,211,180,17798400,31,0.146919431279621,1,715.74,717.8,22
16866,1736-05-21,1737-03-01,1737,271,217,24537600,54,0.199261992619926,1,717.29,720.13,39
16873,1736-08-31,1737-03-14,1737,360,273,16848000,87,0.241666666666667,1,718.31,720.26,34
32946,1738-01-28,1739-01-29,1739,500,134,31622400,366,0.732,1,723.46,727.12,139
30335,1738-06-04,1739-06-07,1739,422,338,31795200,84,0.199052132701422,1,724.73,728.41,37
30342,1738-09-23,1739-09-12,1739,340,260,30585600,80,0.235294117647059,1,725.84,729.38,47
32950,1739-05-25,1739-09-20,1739,600,553,10195200,47,0.0783333333333333,1,728.28,729.46,82
36973,1739-09-29,1740-07-01,1740,129,107,23846400,22,0.170542635658915,1,729.55,732.31,45
30372,1739-10-06,1740-09-04,1740,313,302,28857600,11,0.0351437699680511,1,729.62,732.96,2
76943,1739-10-18,1740-01-01,1740,190,90,6480000,100,0.526315789473684,1,729.74,730.49,3
30388,1740-06-11,1741-04-28,1741,199,189,27734400,10,0.050251256281407,1,732.11,735.32,53
90448,1740-08-23,1741-06-26,1741,470,349,26524800,121,0.257446808510638,1,732.84,735.91,27
10766,1740-10-06,1741-07-13,1741,308,288,24192000,20,0.0649350649350649,1,733.28,736.08,21
32958,1740-10-07,1741-08-31,1741,200,175,28339200,25,0.125,1,733.29,736.57,0
10411,1740-10-26,1741-07-27,1741,232,187,23673600,45,0.193965517241379,1,733.48,736.22,6
32964,1741-11-15,1742-11-11,1742,410,367,31190400,43,0.104878048780488,1,737.33,740.94,81
25185,1741-11-23,1743-08-15,1743,20,20,54432000,0,0,1,737.41,743.71,1
33157,1741-12-13,1742-09-26,1742,432,368,24796800,64,0.148148148148148,1,737.61,740.48,4
30446,1742-03-05,1743-01-15,1743,273,248,27302400,25,0.0915750915750916,1,738.43,741.59,17
30455,1742-06-06,1743-05-15,1743,205,177,29635200,28,0.136585365853659,1,739.36,742.79,22
30457,1742-08-07,1743-05-24,1743,329,296,25056000,33,0.100303951367781,1,739.98,742.88,13
30466,1743-01-27,1743-05-03,1743,450,400,8294400,50,0.111111111111111,1,741.71,742.67,48
30478,1743-05-12,1744-02-27,1744,322,273,25142400,49,0.152173913043478,1,742.76,745.67,37
10455,1743-09-09,1744-07-22,1744,293,223,27388800,70,0.238907849829352,1,743.96,747.13,57
30497,1743-12-08,1744-11-26,1744,500,416,30585600,84,0.168,1,744.86,748.4,27
10605,1743-12-16,1745-02-15,1745,336,300,36892800,36,0.107142857142857,1,744.94,749.21,4
10626,1747-10-27,1748-08-08,1748,328,294,24710400,34,0.103658536585366,1,759.05,761.91,219
90226,1748-01-01,1749-08-14,1749,218,156,51062400,62,0.284403669724771,1,759.71,765.62,19
30518,1748-09-04,1749-07-11,1749,243,197,26784000,46,0.189300411522634,1,762.18,765.28,69
30523,1748-10-12,1749-10-26,1749,298,285,32745600,13,0.0436241610738255,1,762.56,766.35,13
33173,1748-10-30,1749-11-25,1749,543,494,33782400,49,0.0902394106813996,1,762.74,766.65,4
10868,1749-01-01,1751-02-11,1751,265,27,66614400,238,0.89811320754717,1,763.37,771.08,17
90118,1749-01-01,1749-12-12,1749,126,103,29808000,23,0.182539682539683,1,763.37,766.82,15
17243,1749-06-23,1750-06-05,1750,276,209,29980800,67,0.242753623188406,1,765.1,768.57,56
25340,1749-09-18,1751-05-10,1751,75,73,51753600,2,0.0266666666666667,1,765.97,771.96,23
33178,1749-11-16,1750-12-31,1750,345,250,35424000,95,0.27536231884058,1,766.56,770.66,15
30565,1749-11-23,1751-02-05,1751,340,57,37929600,283,0.832352941176471,1,766.63,771.02,3
11017,1750-01-01,1751-05-25,1751,260,200,43977600,60,0.230769230769231,1,767.02,772.11,12
30574,1750-03-14,1751-04-04,1751,387,399,33350400,-12,-0.0310077519379845,1,767.74,771.6,23
31850,1750-04-27,1751-02-27,1751,111,59,26438400,52,0.468468468468468,1,768.18,771.24,11
17267,1750-05-12,1750-12-08,1750,400,260,18144000,140,0.35,1,768.33,770.43,4
90138,1750-08-07,1751-01-01,1751,352,287,12700800,65,0.184659090909091,1,769.2,770.67,24
90350,1750-08-11,1751-07-03,1751,156,146,28166400,10,0.0641025641025641,1,769.24,772.5,0
32211,1750-09-09,1750-12-30,1750,576,511,9676800,65,0.112847222222222,1,769.53,770.65,16
30589,1750-10-17,1751-02-25,1751,279,247,11318400,32,0.114695340501792,1,769.91,771.22,14
10621,1751-01-03,1752-01-01,1752,289,273,31363200,16,0.055363321799308,1,770.69,774.32,28
33184,1751-02-15,1752-01-10,1752,232,214,28425600,18,0.0775862068965517,1,771.12,774.41,13
33187,1751-03-07,1752-01-03,1752,115,115,26092800,0,0,1,771.32,774.34,5
30598,1751-05-30,1752-05-05,1752,560,448,29462400,112,0.2,1,772.16,775.57,25
30600,1751-06-22,1752-04-13,1752,470,266,25574400,204,0.434042553191489,1,772.39,775.35,9
90398,1751-12-28,1752-09-19,1752,200,114,22982400,86,0.43,1,774.28,776.94,61
17320,1752-02-28,1753-03-21,1753,339,277,33436800,62,0.182890855457227,1,774.9,778.77,20
90139,1752-06-17,1753-06-23,1753,257,210,32054400,47,0.182879377431907,1,776,779.71,43
90418,1752-06-30,1753-06-02,1753,207,167,29116800,40,0.193236714975845,1,776.13,779.5,1
36156,1752-07-17,1752-10-30,1752,71,60,9072000,11,0.154929577464789,1,776.3,777.35,7
10869,1752-08-19,1754-01-10,1754,220,217,43977600,3,0.0136363636363636,1,776.63,781.72,16
36161,1752-10-23,1754-01-27,1754,70,62,39830400,8,0.114285714285714,1,777.28,781.89,38
35127,1752-11-04,1753-12-01,1753,275,146,33868800,129,0.469090909090909,1,777.4,781.32,9
30646,1753-01-01,1753-03-22,1753,346,307,6912000,39,0.11271676300578,1,777.98,778.78,27
17345,1753-08-12,1754-05-31,1754,198,150,25228800,48,0.242424242424242,1,780.21,783.13,90
90491,1753-08-14,1754-01-01,1754,88,69,12096000,19,0.215909090909091,1,780.23,781.63,2
25021,1753-09-12,1754-05-08,1754,35,26,20563200,9,0.257142857142857,1,780.52,782.9,15
90506,1753-10-27,1754-12-14,1754,238,204,35683200,34,0.142857142857143,1,780.97,785.1,19
76344,1754-01-01,1754-10-03,1754,64,50,23760000,14,0.21875,1,781.63,784.38,34
30681,1754-03-23,1754-12-20,1754,106,85,23500800,21,0.19811320754717,1,782.44,785.16,33
24016,1754-04-05,1754-11-04,1754,98,77,18403200,21,0.214285714285714,1,782.57,784.7,8
10937,1754-09-21,1755-07-11,1755,252,244,25315200,8,0.0317460317460317,1,784.26,787.19,83
30709,1754-11-19,1755-12-07,1755,142,103,33091200,39,0.274647887323944,1,784.85,788.68,27
10527,1755-09-17,1756-06-20,1756,228,212,23932800,16,0.0701754385964912,1,787.87,790.64,104
11088,1756-03-05,1757-06-22,1757,247,195,40953600,52,0.210526315789474,1,789.57,794.31,53
10938,1756-09-06,1757-06-18,1757,297,283,24624000,14,0.0471380471380471,1,791.42,794.27,36
77676,1756-10-17,1757-08-25,1757,200,163,26956800,37,0.185,1,791.83,794.95,3
90556,1757-01-14,1758-06-01,1758,270,243,43459200,27,0.1,1,792.72,797.75,13
90466,1757-03-02,1758-05-01,1758,250,201,36720000,49,0.196,1,793.19,797.44,5
10528,1757-06-24,1758-04-14,1758,405,402,25401600,3,0.00740740740740741,1,794.33,797.27,14
17428,1757-10-13,1758-01-01,1758,220,240,6912000,-20,-0.0909090909090909,1,795.44,796.24,19
90587,1758-03-06,1758-12-24,1758,235,172,25315200,63,0.268085106382979,1,796.88,799.81,30
90732,1758-07-19,1759-01-01,1759,158,140,14342400,18,0.113924050632911,1,798.23,799.89,16
10872,1758-10-14,1759-05-31,1759,428,424,19785600,4,0.00934579439252336,1,799.1,801.39,18
90772,1759-02-17,1759-08-28,1759,180,205,16588800,-25,-0.138888888888889,1,800.36,802.28,38
90741,1759-08-13,1760-03-03,1760,103,91,17539200,12,0.116504854368932,1,802.13,804.16,38
10940,1760-02-22,1761-01-13,1761,302,288,28166400,14,0.0463576158940397,1,804.06,807.32,62
11116,1760-03-28,1761-05-02,1761,381,301,34560000,80,0.20997375328084,1,804.41,808.41,15
25219,1760-11-13,1761-09-21,1761,76,75,26956800,1,0.0131578947368421,1,806.71,809.83,63
25327,1760-11-17,1761-01-01,1761,80,70,3888000,10,0.125,1,806.75,807.2,0
10873,1761-01-09,1761-10-19,1761,455,353,24451200,102,0.224175824175824,1,807.28,810.11,26
10961,1761-03-09,1762-01-01,1762,310,299,25747200,11,0.0354838709677419,1,807.87,810.85,13
11117,1762-03-16,1763-02-12,1763,263,260,28771200,3,0.0114068441064639,1,811.59,814.92,92
17522,1762-05-05,1763-05-08,1763,438,394,31795200,44,0.100456621004566,1,812.09,815.77,10
24557,1763-01-01,1764-01-01,1764,169,150,31536000,19,0.112426035502959,1,814.5,818.15,69
31854,1763-01-01,1763-10-04,1763,340,302,23846400,38,0.111764705882353,1,814.5,817.26,5
30742,1763-05-13,1764-06-02,1764,239,220,33350400,19,0.0794979079497908,1,815.82,819.68,64
33212,1763-05-29,1764-05-14,1764,337,292,30326400,45,0.13353115727003,1,815.98,819.49,15
30748,1763-06-09,1764-05-07,1764,227,212,28771200,15,0.066079295154185,1,816.09,819.42,8
90966,1763-07-14,1764-01-01,1764,294,240,14774400,54,0.183673469387755,1,816.44,818.15,15
10543,1763-08-14,1764-12-29,1764,203,193,43459200,10,0.0492610837438424,1,816.75,821.78,21
10942,1763-10-17,1764-10-23,1764,326,275,32140800,51,0.156441717791411,1,817.39,821.11,43
10400,1763-10-29,1765-01-01,1765,310,277,37152000,33,0.106451612903226,1,817.51,821.81,4
30763,1763-11-12,1764-12-18,1764,35,31,34732800,4,0.114285714285714,1,817.65,821.67,4
30764,1763-11-13,1764-08-10,1764,223,199,23414400,24,0.10762331838565,1,817.66,820.37,0
91052,1763-11-29,1765-01-01,1765,73,57,34473600,16,0.219178082191781,1,817.82,821.81,9
11118,1763-12-18,1765-02-28,1765,249,209,37843200,40,0.160642570281124,1,818.01,822.39,6
92309,1764-03-29,1765-03-06,1765,63,56,29548800,7,0.111111111111111,1,819.03,822.45,60
36293,1764-05-14,1765-10-03,1765,66,42,43804800,24,0.363636363636364,1,819.49,824.56,21
10659,1764-07-30,1765-09-06,1765,273,257,34819200,16,0.0586080586080586,1,820.26,824.29,52
36299,1764-09-11,1765-10-01,1765,142,92,33264000,50,0.352112676056338,1,820.69,824.54,24
91198,1764-09-28,1765-10-01,1765,170,151,31795200,19,0.111764705882353,1,820.86,824.54,13
24874,1765-01-01,1766-05-01,1766,100,76,41904000,24,0.24,1,821.81,826.66,77
30804,1765-02-25,1766-07-23,1766,220,161,44323200,59,0.268181818181818,1,822.36,827.49,39
11009,1765-04-18,1766-12-29,1766,281,153,53568000,128,0.455516014234875,1,822.88,829.08,21
30821,1765-09-26,1766-06-19,1766,83,73,22982400,10,0.120481927710843,1,824.49,827.15,111
10544,1766-02-08,1767-05-26,1767,315,266,40780800,49,0.155555555555556,1,825.84,830.56,74
32249,1766-04-30,1767-04-24,1767,243,233,31017600,10,0.0411522633744856,1,826.65,830.24,34
30843,1766-07-11,1767-06-11,1767,348,318,28944000,30,0.0862068965517241,1,827.37,830.72,44
30845,1766-09-09,1767-10-10,1767,95,71,34214400,24,0.252631578947368,1,827.97,831.93,33
10660,1766-11-30,1768-01-04,1768,304,301,34560000,3,0.00986842105263158,1,828.79,832.79,61
31554,1767-01-01,1768-08-25,1768,172,129,52012800,43,0.25,1,829.11,835.13,18
30856,1767-02-03,1768-04-18,1768,304,168,38016000,136,0.447368421052632,1,829.44,833.84,13
17661,1767-04-17,1768-03-05,1768,230,197,27907200,33,0.143478260869565,1,830.17,833.4,36
91405,1767-07-29,1768-01-01,1768,231,230,13478400,1,0.00432900432900433,1,831.2,832.76,68
17688,1768-03-03,1769-03-24,1769,352,287,33350400,65,0.184659090909091,1,833.38,837.24,101
91302,1768-03-29,1768-09-04,1768,356,356,13737600,0,0,1,833.64,835.23,12
91293,1768-03-31,1769-01-01,1769,245,200,23846400,45,0.183673469387755,1,833.66,836.42,0
17703,1768-05-07,1769-01-01,1769,207,157,20649600,50,0.241545893719807,1,834.03,836.42,14
30886,1768-06-22,1769-07-20,1769,122,115,33955200,7,0.0573770491803279,1,834.49,838.42,29
91474,1768-08-03,1769-05-18,1769,218,178,24883200,40,0.18348623853211,1,834.91,837.79,27
11178,1768-09-28,1770-01-22,1770,46,45,41558400,1,0.0217391304347826,1,835.47,840.28,40
30895,1768-11-09,1769-01-01,1769,70,70,4579200,0,0,1,835.89,836.42,17
30898,1768-11-14,1769-12-10,1769,93,68,33782400,25,0.268817204301075,1,835.94,839.85,2
30899,1768-12-08,1770-09-16,1770,111,65,55900800,46,0.414414414414414,1,836.18,842.65,7
31566,1769-06-06,1770-03-05,1770,250,177,23500800,73,0.292,1,837.98,840.7,78
91564,1769-07-21,1770-01-01,1770,232,201,14169600,31,0.133620689655172,1,838.43,840.07,46
91567,1769-07-21,1770-07-24,1770,427,410,31795200,17,0.0398126463700234,1,838.43,842.11,0
33254,1769-09-30,1770-09-28,1770,288,207,31363200,81,0.28125,1,839.14,842.77,28
11153,1770-03-10,1771-02-06,1771,347,300,28771200,47,0.135446685878963,1,840.75,844.08,95
91643,1770-04-06,1771-06-01,1771,365,206,36374400,159,0.435616438356164,1,841.02,845.23,9
10909,1770-04-30,1771-03-31,1771,254,244,28944000,10,0.0393700787401575,1,841.26,844.61,8
10634,1770-07-05,1771-04-18,1771,460,398,24796800,62,0.134782608695652,1,841.92,844.79,44
91687,1770-07-16,1771-01-01,1771,33,28,14601600,5,0.151515151515152,1,842.03,843.72,7
33262,1770-08-28,1771-04-18,1771,325,288,20131200,37,0.113846153846154,1,842.46,844.79,30
32569,1770-11-01,1771-11-12,1771,355,307,32486400,48,0.135211267605634,1,843.11,846.87,31
91702,1771-02-09,1772-09-15,1772,159,130,50457600,29,0.182389937106918,1,844.11,849.95,50
91735,1771-03-09,1771-09-05,1771,245,200,15552000,45,0.183673469387755,1,844.39,846.19,12
32266,1771-03-23,1772-01-02,1772,495,413,24624000,82,0.165656565656566,1,844.53,847.38,2
30944,1771-03-23,1772-05-20,1772,135,120,36633600,15,0.111111111111111,1,844.53,848.77,0
91690,1771-07-15,1771-12-24,1771,70,63,13996800,7,0.1,1,845.67,847.29,63
32269,1771-08-28,1773-11-01,1773,41,37,68774400,4,0.0975609756097561,1,846.11,854.07,32
91709,1771-10-23,1772-10-13,1772,150,122,30758400,28,0.186666666666667,1,846.67,850.23,36
91862,1772-05-24,1773-04-25,1772,29,26,29030400,3,0.103448275862069,1,848.81,852.17,124
11124,1772-09-12,1774-01-14,1774,214,200,42249600,14,0.0654205607476635,1,849.92,854.81,67
91815,1772-10-01,1773-11-08,1773,215,199,34819200,16,0.0744186046511628,1,850.11,854.14,15
10663,1772-10-22,1773-09-29,1773,326,317,29548800,9,0.0276073619631902,1,850.32,853.74,12
11180,1773-04-26,1775-04-15,1775,103,101,62121600,2,0.0194174757281553,1,852.18,859.37,106
10669,1773-07-13,1774-05-30,1774,120,109,27734400,11,0.0916666666666667,1,852.96,856.17,54
30994,1773-08-24,1774-09-05,1774,250,209,32572800,41,0.164,1,853.38,857.15,27
10590,1774-05-09,1775-07-09,1775,335,286,36806400,49,0.146268656716418,1,855.96,860.22,151
91716,1774-05-11,1775-03-16,1775,132,117,26697600,15,0.113636363636364,1,855.98,859.07,2
91973,1774-05-29,1775-03-17,1775,206,168,25228800,38,0.184466019417476,1,856.16,859.08,7
92568,1774-07-16,1776-01-01,1776,359,328,46137600,31,0.0863509749303621,1,856.64,861.98,18
31929,1774-10-22,1775-04-21,1775,77,66,15638400,11,0.142857142857143,1,857.62,859.43,63
32614,1775-05-14,1776-06-12,1776,474,225,34128000,249,0.525316455696203,1,859.66,863.61,93
92527,1775-06-29,1776-05-25,1776,64,59,28598400,5,0.078125,1,860.12,863.43,31
17880,1775-07-20,1776-07-12,1776,359,328,30931200,31,0.0863509749303621,1,860.33,863.91,15
76180,1775-09-03,1776-01-01,1776,273,236,10368000,37,0.135531135531136,1,860.78,861.98,19
31036,1775-09-27,1776-01-01,1776,169,150,8294400,19,0.112426035502959,1,861.02,861.98,6
77218,1775-10-19,1777-04-23,1777,279,240,47692800,39,0.139784946236559,1,861.24,866.76,6
77165,1775-11-17,1776-01-01,1776,214,198,3888000,16,0.0747663551401869,1,861.53,861.98,19
92566,1776-03-17,1776-08-01,1776,371,340,11836800,31,0.0835579514824798,1,862.74,864.11,44
31065,1777-01-22,1777-11-17,1777,515,407,25833600,108,0.209708737864078,1,865.85,868.84,106
11076,1780-03-25,1780-10-11,1780,309,267,17280000,42,0.135922330097087,1,877.43,879.43,200
31090,1781-06-29,1782-02-03,1782,147,130,18921600,17,0.115646258503401,1,882.04,884.23,61
17915,1782-10-13,1783-07-26,1783,225,130,24710400,95,0.422222222222222,1,886.75,889.61,61
32340,1783-07-08,1784-08-12,1784,376,342,34646400,34,0.0904255319148936,1,889.43,893.44,131
31121,1783-12-02,1784-08-11,1784,264,234,21859200,30,0.113636363636364,1,890.9,893.43,89
25045,1784-02-01,1785-01-01,1785,18,15,28944000,3,0.166666666666667,1,891.51,894.86,25
17945,1784-08-03,1785-03-11,1785,214,197,19008000,17,0.0794392523364486,1,893.35,895.55,81
31947,1785-01-02,1785-12-02,1785,309,240,28857600,69,0.223300970873786,1,894.87,898.21,61
32378,1785-11-09,1786-06-14,1786,304,247,18748800,57,0.1875,1,897.98,900.15,161
31174,1785-12-22,1786-06-30,1786,269,221,16416000,48,0.178438661710037,1,898.41,900.31,21
32384,1786-04-04,1787-02-01,1787,270,236,26179200,34,0.125925925925926,1,899.44,902.47,50
81890,1786-05-26,1787-02-26,1787,360,350,23846400,10,0.0277777777777778,1,899.96,902.72,30
32720,1786-06-25,1787-03-03,1787,109,99,21686400,10,0.0917431192660551,1,900.26,902.77,20
82418,1786-08-04,1787-03-01,1787,165,164,18057600,1,0.00606060606060606,1,900.66,902.75,24
32393,1786-09-20,1787-09-02,1787,118,105,29980800,13,0.110169491525424,1,901.13,904.6,30
31960,1786-11-09,1787-10-01,1787,229,94,28166400,135,0.589519650655022,1,901.63,904.89,47
32398,1786-12-20,1787-05-23,1787,227,206,13305600,21,0.092511013215859,1,902.04,903.58,10
32997,1786-12-22,1788-03-25,1788,820,630,39657600,190,0.231707317073171,1,902.06,906.65,3
31703,1787-01-18,1788-02-10,1788,446,440,33523200,6,0.0134529147982063,1,902.33,906.21,21
31965,1787-06-28,1788-06-20,1788,164,108,30931200,56,0.341463414634146,1,903.94,907.52,88
18006,1787-08-10,1788-01-01,1788,105,97,12441600,8,0.0761904761904762,1,904.37,905.81,28
11071,1787-12-24,1789-03-13,1789,384,331,38448000,53,0.138020833333333,1,905.73,910.18,62
31968,1788-01-28,1788-12-06,1788,154,117,27043200,37,0.24025974025974,1,906.08,909.21,24
31261,1788-07-31,1789-02-03,1789,377,343,16156800,34,0.0901856763925729,1,907.93,909.8,124
25287,1788-09-23,1789-04-01,1789,35,29,16416000,6,0.17142857142857101,1,908.47,910.37,23
31291,1789-05-10,1790-01-31,1790,466,460,22982400,6,0.0128755364806867,1,910.76,913.42,140
31293,1789-05-11,1790-01-07,1790,303,270,20822400,33,0.108910891089109,1,910.77,913.18,3
81168,1789-05-11,1790-03-22,1790,250,229,27216000,21,0.084,1,910.77,913.92,0
18040,1789-10-04,1790-07-15,1790,270,263,24537600,7,0.0259259259259259,1,912.23,915.07,94
32798,1789-11-21,1791-03-25,1791,397,358,42249600,39,0.0982367758186398,1,912.71,917.6,42
31980,1789-12-10,1790-09-05,1790,130,123,23241600,7,0.0538461538461538,1,912.9,915.59,10
31982,1790-02-19,1790-10-18,1790,128,97,20822400,31,0.2421875,1,913.61,916.02,42
18060,1790-04-14,1791-06-22,1791,262,262,37497600,0,0,1,914.15,918.49,37
83982,1790-10-16,1791-05-15,1791,476,436,18230400,40,0.0840336134453782,1,916,918.11,126
18098,1791-01-27,1791-07-05,1791,243,223,13737600,20,0.0823045267489712,1,917.03,918.62,60
31991,1791-02-20,1791-12-17,1791,141,107,25920000,34,0.24113475177305,1,917.27,920.27,16
18152,1792-04-10,1792-11-04,1792,159,129,17971200,30,0.188679245283019,1,921.42,923.5,267
80835,1792-05-12,1792-11-15,1792,314,302,16156800,12,0.0382165605095541,1,921.74,923.61,41
81097,1792-07-05,1793-02-02,1793,362,353,18316800,9,0.0248618784530387,1,922.28,924.4,30
98852,1792-07-26,1794-04-08,1794,109,100,53654400,9,0.0825688073394495,1,922.49,928.7,20
81646,1792-08-02,1793-06-04,1793,250,229,26438400,21,0.084,1,922.56,925.62,3
80190,1792-10-07,1793-11-02,1793,274,272,33782400,2,0.0072992700729927,1,923.22,927.13,44
80416,1792-10-27,1793-07-05,1793,296,278,21686400,18,0.0608108108108108,1,923.42,925.93,10
80724,1792-10-31,1794-12-01,1794,172,158,65750400,14,0.0813953488372093,1,923.46,931.07,2
36597,1793-03-29,1793-10-01,1793,121,109,16070400,12,0.0991735537190083,1,924.95,926.81,66
83502,1793-04-07,1794-05-13,1794,232,212,34646400,20,0.0862068965517241,1,925.04,929.05,1
36590,1793-05-28,1794-03-12,1794,221,197,24883200,24,0.108597285067873,1,925.55,928.43,7
25404,1793-12-01,1795-08-06,1795,500,500,52963200,0,0,1,927.42,933.55,38
82007,1793-12-01,1794-05-31,1794,259,237,15638400,22,0.0849420849420849,1,927.42,929.23,0
80246,1794-11-04,1795-05-18,1795,304,298,16848000,6,0.0197368421052632,1,930.8,932.75,102
36627,1795-09-19,1796-04-04,1796,104,104,17107200,0,0,1,933.99,935.97,91
36620,1795-11-02,1798-01-29,1798,283,250,70761600,33,0.11660777385159,1,934.43,942.62,24
36619,1795-11-03,1796-07-28,1796,127,102,23155200,25,0.196850393700787,1,934.44,937.12,1
36631,1795-12-01,1796-08-24,1796,255,230,23068800,25,0.0980392156862745,1,934.72,937.39,12
49378,1796-04-16,1797-01-01,1797,353,324,22464000,29,0.0821529745042493,1,936.09,938.69,38
81015,1798-06-08,1798-11-26,1798,413,378,14774400,35,0.0847457627118644,1,943.92,945.63,318
83836,1798-10-29,1800-02-21,1800,207,190,41472000,17,0.0821256038647343,1,945.35,950.15,77
84072,1799-09-27,1800-04-29,1800,121,112,18489600,9,0.0743801652892562,1,948.68,950.82,196
82404,1801-04-26,1801-12-25,1801,310,279,20995200,31,0.1,1,954.44,956.87,217
96083,1802-04-07,1802-11-10,1802,742,469,18748800,273,0.367924528301887,1,957.9,960.07,203
33664,1803-02-04,1803-06-02,1803,138,136,10195200,2,0.0144927536231884,1,960.93,962.11,178
82924,1803-07-21,1804-01-21,1804,357,349,15897600,8,0.0224089635854342,1,962.6,964.44,55
83378,1803-11-16,1804-09-03,1804,142,130,25228800,12,0.0845070422535211,1,963.78,966.7,34
49794,1804-03-04,1805-05-04,1805,221,180,36806400,41,0.18552036199095,1,964.87,969.13,44
81227,1804-04-11,1804-12-09,1804,244,219,20908800,25,0.102459016393443,1,965.25,967.67,12
36809,1804-06-07,1805-01-14,1805,286,239,19094400,47,0.164335664335664,1,965.82,968.03,22
80456,1804-09-02,1805-05-06,1805,249,224,21254400,25,0.100401606425703,1,966.69,969.15,53
39097,1804-12-10,1805-06-01,1805,70,24,14947200,46,0.657142857142857,1,967.68,969.41,60
80175,1805-02-17,1805-11-29,1805,199,179,24624000,20,0.100502512562814,1,968.37,971.22,30
81511,1805-09-16,1806-05-16,1806,277,249,20908800,28,0.101083032490975,1,970.48,972.9,126
25504,1806-04-17,1806-11-27,1806,267,201,19353600,66,0.247191011235955,1,972.61,974.85,112
80457,1806-07-07,1807-04-30,1807,259,233,25660800,26,0.1003861003861,1,973.42,976.39,73
81835,1807-03-01,1808-02-13,1808,247,222,30153600,25,0.101214574898785,1,975.79,979.28,167
36948,1807-06-01,1807-11-06,1807,73,70,13651200,3,0.0410958904109589,1,976.71,978.29,83
37311,1807-06-08,1808-04-03,1808,68,54,25920000,14,0.205882352941176,1,976.78,979.78,4
7551,1809-10-28,1810-07-03,1810,131,118,21427200,13,0.099236641221374,1,985.51,987.99,115
7071,1811-12-31,1812-08-12,1812,430,385,19440000,45,0.104651162790698,1,993.45,995.7,172
7536,1813-08-19,1814-01-01,1814,73,64,11664000,9,0.123287671232877,1,999.42,1000.77,123
34001,1814-12-15,1815-09-01,1815,501,501,22464000,0,0,1,1004.25,1006.85,100
34319,1822-01-01,1822-06-18,1822,34,29,14515200,5,0.147058823529412,1,1029.99,1031.67,802
2824,1824-08-03,1825-01-25,1825,132,132,15120000,0,0,1,1039.44,1041.19,225
2407,1829-08-27,1830-04-06,1830,354,349,19180800,5,0.0141242937853107,1,1057.94,1060.16,569
2871,1830-03-25,1831-03-20,1831,92,92,31104000,0,0,1,1060.04,1063.64,48
3068,1836-05-28,1836-12-02,1836,526,469,16243200,57,0.108365019011407,1,1082.6,1084.48,269
2547,1836-12-01,1837-02-22,1837,352,254,7171200,98,0.278409090909091,1,1084.47,1085.3,22
3433,1844-02-20,1844-11-16,1844,543,450,23328000,93,0.171270718232044,1,1110.84,1113.54,219
4162,1852-11-01,1853-03-23,1853,1350,1150,12268800,200,0.148148148148148,1,1142.61,1144.03,138
4284,1858-02-08,1858-08-21,1858,450,306,16761600,144,0.32,1,1161.86,1163.8,25